 -- workplace and offices/warehouse need to be populated in a transaction due to RI-2
START	TRANSACTION;
SET	CONSTRAINTS	ALL	DEFERRED;

INSERT INTO workplace (address, lat, long)
VALUES
    ('123 Main St 1111-345 Anytown', 37.7749, -122.4194),
    ('456 Elm St 1111-456 Anytown', 34.0522, -118.2437),
    ('789 Oak St 1111-567 Anytown', 40.7128, -74.0060),
    ('321 Pine Rd 1111-678 Anytown', 41.8781, -87.6298),
    ('555 Cedar Ln 1111-789 Anytown', 47.6097, -122.3331),
    ('999 Maple Ave 1111-890 Anytown', 42.3601, -71.0589),
    ('777 Walnut St 1111-901 Anytown', 38.9072, -77.0369),
    ('888 Pineapple Rd 1111-012 Anytown', 25.7617, -80.1918),
    ('444 Olive Ln 1111-123 Anytown', 39.9526, -75.1652),
    ('222 Chestnut Ave 1111-234 Anytown', 34.1522, -118.2437),
    ('111 Peach St 1111-345 Anytown', 33.2490, -84.3880),
    ('555 Cherry Rd 1111-456 Anytown', 47.3097, -122.3331),
    ('999 Strawberry Ave 1111-567 Anytown', 40.4128, -74.0060),
    ('777 Banana St 1111-678 Anytown', 38.5072, -77.0369),
    ('888 Mango Rd 1111-789 Anytown', 25.7717, -80.1918),
    ('444 Lemon Ln 1111-890 Anytown', 39.9826, -75.1652),
    ('222 Orange Ave 1111-901 Anytown', 34.0592, -118.2437),
    ('111 Apple St 1111-012 Anytown', 33.7430, -84.3880),
    ('555 Grape Rd 1111-123 Anytown', 47.6197, -122.3331),
    ('999 Watermelon Ave 1111-234 Anytown', 40.7428, -74.0060),
    ('777 Blueberry St 1111-345 Anytown', 38.9079, -77.0369),
    ('888 Raspberry Rd 1111-456 Anytown', 25.7619, -80.1918),
    ('444 Blackberry Ln 1111-567 Anytown', 39.9556, -75.1652),
    ('222 Strawberry Ave 1111-678 Anytown', 34.0222, -118.2437),
    ('111 Mango St 1111-789 Anytown', 33.7491, -84.3880),
    ('555 Pineapple Rd 1111-890 Anytown', 47.6097, -122.3431),
    ('999 Coconut Ave 1111-901 Anytown', 40.7128, -74.0065),
    ('777 Lemon St 1111-012 Anytown', 38.9072, -77.0269),
    ('888 Orange Rd 1111-123 Anytown', 25.7617, -80.7918),
    ('444 Apple Ln 1111-234 Anytown', 39.9526, -75.1622),
    ('222 Cherry Ave 1111-345 Anytown', 34.0522, -118.3437),
    ('111 Grape St 1111-456 Anytown', 33.7490, -84.3881),
    ('555 Watermelon Rd 1111-567 Anytown', 47.6097, -142.3331),
    ('999 Blueberry Ave 1111-678 Anytown', 40.7128, -74.3060),
    ('777 Raspberry St 1111-789 Anytown', 38.9072, -77.0569),
    ('888 Blackberry Rd 1111-890 Anytown', 25.7617, -80.0918),
    ('444 Strawberry Ln 1111-901 Anytown', 39.9526, -75.1682),
    ('222 Mango Ave 1111-012 Anytown', 34.0522, -118.6437),
    ('111 Pineapple St 1111-123 Anytown', 33.7490, -64.3880),
    ('555 Coconut Rd 1111-234 Anytown', 47.6097, -125.3331)

;

INSERT INTO office (address)
VALUES
    ('777 Blueberry St 1111-345 Anytown'),
    ('888 Raspberry Rd 1111-456 Anytown'),
    ('444 Blackberry Ln 1111-567 Anytown'),
    ('321 Pine Rd 1111-678 Anytown'),
    ('555 Cedar Ln 1111-789 Anytown'),
    ('999 Maple Ave 1111-890 Anytown'),
    ('777 Walnut St 1111-901 Anytown'),
    ('888 Pineapple Rd 1111-012 Anytown'),
    ('444 Olive Ln 1111-123 Anytown'),
    ('222 Chestnut Ave 1111-234 Anytown'),
    ('111 Peach St 1111-345 Anytown'),
    ('555 Cherry Rd 1111-456 Anytown'),
    ('999 Strawberry Ave 1111-567 Anytown'),
    ('777 Banana St 1111-678 Anytown'),
    ('888 Mango Rd 1111-789 Anytown'),
    ('444 Lemon Ln 1111-890 Anytown'),
    ('222 Orange Ave 1111-901 Anytown'),
    ('111 Apple St 1111-012 Anytown'),
    ('555 Grape Rd 1111-123 Anytown'),
    ('999 Watermelon Ave 1111-234 Anytown')
;

INSERT INTO warehouse (address)
VALUES
    ('123 Main St 1111-345 Anytown'),
    ('456 Elm St 1111-456 Anytown'),
    ('789 Oak St 1111-567 Anytown'),
    ('222 Strawberry Ave 1111-678 Anytown'),
    ('111 Mango St 1111-789 Anytown'),
    ('555 Pineapple Rd 1111-890 Anytown'),
    ('999 Coconut Ave 1111-901 Anytown'),
    ('777 Lemon St 1111-012 Anytown'),
    ('888 Orange Rd 1111-123 Anytown'),
    ('444 Apple Ln 1111-234 Anytown'),
    ('222 Cherry Ave 1111-345 Anytown'),
    ('111 Grape St 1111-456 Anytown'),
    ('555 Watermelon Rd 1111-567 Anytown'),
    ('999 Blueberry Ave 1111-678 Anytown'),
    ('777 Raspberry St 1111-789 Anytown'),
    ('888 Blackberry Rd 1111-890 Anytown'),
    ('444 Strawberry Ln 1111-901 Anytown'),
    ('222 Mango Ave 1111-012 Anytown'),
    ('111 Pineapple St 1111-123 Anytown'),
    ('555 Coconut Rd 1111-234 Anytown')
;

COMMIT;


INSERT INTO department (name)
VALUES
    ('Sales'),
    ('Marketing'),
    ('Finance'),
    ('Human Resources'),
    ('Operations'),
    ('Information Technology'),
    ('Research and Development'),
    ('Customer Service'),
    ('Product Management'),
    ('Quality Assurance'),
    ('Supply Chain'),
    ('Legal'),
    ('Administration'),
    ('Business Development'),
    ('Training and Development'),
    ('Public Relations'),
    ('Accounting'),
    ('Engineering'),
    ('Design'),
    ('Purchasing'),
    ('Project Management'),
    ('Data Analytics'),
    ('Logistics'),
    ('Corporate Communications'),
    ('Risk Management'),
    ('Strategic Planning'),
    ('Internal Audit'),
    ('Facilities Management'),
    ('Consulting'),
    ('Compliance'),
    ('Event Management'),
    ('Employee Relations'),
    ('Investor Relations'),
    ('Health and Safety'),
    ('Procurement'),
    ('Software Development'),
    ('Graphic Design'),
    ('Sales Operations'),
    ('Training'),
    ('Operations Management')
;

INSERT INTO employee (ssn, TIN, bdate, name)
VALUES
    (1000000001, 2000000001, '1990-01-01', 'John Smith'),
    (1000000002, 2000000002, '1991-02-02', 'Jane Doe'),
    (1000000003, 2000000003, '1992-03-03', 'Michael Johnson'),
    (1000000004, 2000000004, '1993-04-04', 'Emily Williams'),
    (1000000005, 2000000005, '1994-05-05', 'David Brown'),
    (1000000006, 2000000006, '1995-06-06', 'Sarah Lee'),
    (1000000007, 2000000007, '1996-07-07', 'Christopher Davis'),
    (1000000008, 2000000008, '1997-08-08', 'Jessica Martinez'),
    (1000000009, 2000000009, '1998-09-09', 'Matthew Taylor'),
    (1000000010, 2000000010, '1999-10-10', 'Ashley Anderson'),
    (1000000011, 2000000011, '1980-11-11', 'Robert Johnson'),
    (1000000012, 2000000012, '1981-12-12', 'Patricia Smith'),
    (1000000013, 2000000013, '1982-01-13', 'Michael Williams'),
    (1000000014, 2000000014, '1983-02-14', 'Linda Jones'),
    (1000000015, 2000000015, '1984-03-15', 'William Brown'),
    (1000000016, 2000000016, '1985-04-16', 'Karen Davis'),
    (1000000017, 2000000017, '1986-05-17', 'Charles Garcia'),
    (1000000018, 2000000018, '1987-06-18', 'Jennifer Wilson'),
    (1000000019, 2000000019, '1988-07-19', 'Joseph Anderson'),
    (1000000020, 2000000020, '1989-08-20', 'Nancy Martinez'),
    (1000000021, 2000000021, '1990-09-21', 'Andrew Thompson'),
    (1000000022, 2000000022, '1991-10-22', 'Maria Miller'),
    (1000000023, 2000000023, '1992-11-23', 'David Moore'),
    (1000000024, 2000000024, '1993-12-24', 'Susan Taylor'),
    (1000000025, 2000000025, '1994-01-25', 'James Clark'),
    (1000000026, 2000000026, '1995-02-26', 'Jessica Rodriguez'),
    (1000000027, 2000000027, '1996-03-27', 'John Hernandez'),
    (1000000028, 2000000028, '1997-04-28', 'Lisa Martinez'),
    (1000000029, 2000000029, '1998-05-29', 'Daniel Davis'),
    (1000000030, 2000000030, '1999-06-30', 'Sarah Johnson'),
    (1000000031, 2000000031, '1980-07-31', 'Christopher Smith'),
    (1000000032, 2000000032, '1981-08-01', 'Mary Williams'),
    (1000000033, 2000000033, '1982-09-02', 'Matthew Johnson'),
    (1000000034, 2000000034, '1983-10-03', 'Laura Anderson'),
    (1000000035, 2000000035, '1984-11-04', 'Daniel Brown'),
    (1000000036, 2000000036, '1985-12-05', 'Elizabeth Davis'),
    (1000000037, 2000000037, '1986-01-06', 'Kevin Garcia'),
    (1000000038, 2000000038, '1987-02-07', 'Jennifer Hernandez'),
    (1000000039, 2000000039, '1988-03-08', 'Jason Johnson'),
    (1000000040, 2000000040, '1989-04-09', 'Sarah Miller'),
    (1000000041, 2000000041, '1990-05-10', 'Robert Smith'),
    (1000000042, 2000000042, '1991-06-11', 'Michelle Wilson'),
    (1000000043, 2000000043, '1992-07-12', 'David Anderson'),
    (1000000044, 2000000044, '1993-08-13', 'Susan Davis'),
    (1000000045, 2000000045, '1994-09-14', 'James Garcia'),
    (1000000046, 2000000046, '1995-10-15', 'Emily Johnson'),
    (1000000047, 2000000047, '1996-11-16', 'John Hernandez'),
    (1000000048, 2000000048, '1997-12-17', 'Sarah Martinez'),
    (1000000049, 2000000049, '1998-01-18', 'Daniel Thompson'),
    (1000000050, 2000000050, '1999-02-19', 'Jennifer Wilson'),
    (1000000051, 2000000051, '1980-03-20', 'David Anderson'),
    (1000000052, 2000000052, '1981-04-21', 'Mary Clark'),
    (1000000053, 2000000053, '1982-05-22', 'Matthew Davis'),
    (1000000054, 2000000054, '1983-06-23', 'Laura Garcia'),
    (1000000055, 2000000055, '1984-07-24', 'Daniel Hernandez'),
    (1000000056, 2000000056, '1985-08-25', 'Elizabeth Johnson'),
    (1000000057, 2000000057, '1986-09-26', 'Kevin Martinez'),
    (1000000058, 2000000058, '1987-10-27', 'Jennifer Thompson'),
    (1000000059, 2000000059, '1988-11-28', 'Jason Wilson'),
    (1000000060, 2000000060, '1989-12-29', 'Sarah Anderson'),
    (1000000061, 2000000061, '1990-01-30', 'Robert Davis'),
    (1000000062, 2000000062, '1991-02-03', 'Michelle Garcia'),
    (1000000063, 2000000063, '1992-03-01', 'David Hernandez'),
    (1000000064, 2000000064, '1993-04-02', 'Susan Johnson'),
    (1000000065, 2000000065, '1994-05-03', 'James Martinez'),
    (1000000066, 2000000066, '1995-06-04', 'Emily Wilson'),
    (1000000067, 2000000067, '1996-07-05', 'John Anderson'),
    (1000000068, 2000000068, '1997-08-06', 'Sarah Clark'),
    (1000000069, 2000000069, '1998-09-07', 'Daniel Davis'),
    (1000000070, 2000000070, '1999-10-08', 'Jennifer Garcia'),
    (1000000071, 2000000071, '1980-11-09', 'David Hernandez'),
    (1000000072, 2000000072, '1981-12-10', 'Mary Johnson'),
    (1000000073, 2000000073, '1982-01-11', 'Matthew Martinez'),
    (1000000074, 2000000074, '1983-02-12', 'Laura Thompson'),
    (1000000075, 2000000075, '1984-03-13', 'Daniel Wilson'),
    (1000000076, 2000000076, '1985-04-14', 'Elizabeth Anderson'),
    (1000000077, 2000000077, '1986-05-15', 'Kevin Davis'),
    (1000000078, 2000000078, '1987-06-16', 'Jennifer Garcia'),
    (1000000079, 2000000079, '1988-07-17', 'Jason Hernandez'),
    (1000000080, 2000000080, '1989-08-18', 'Sarah Johnson'),
    (1000000081, 2000000081, '1990-09-19', 'Robert Martinez'),
    (1000000082, 2000000082, '1991-10-20', 'Michelle Thompson'),
    (1000000083, 2000000083, '1992-11-21', 'David Wilson'),
    (1000000084, 2000000084, '1993-12-22', 'Susan Anderson'),
    (1000000085, 2000000085, '1994-01-23', 'James Davis'),
    (1000000086, 2000000086, '1995-02-24', 'Emily Garcia'),
    (1000000087, 2000000087, '1996-03-25', 'John Hernandez'),
    (1000000088, 2000000088, '1997-04-26', 'Sarah Johnson'),
    (1000000089, 2000000089, '1998-05-27', 'Daniel Martinez'),
    (1000000090, 2000000090, '1999-06-28', 'Jennifer Thompson'),
    (1000000091, 2000000091, '1980-07-29', 'David Wilson'),
    (1000000092, 2000000092, '1981-08-30', 'Mary Anderson'),
    (1000000093, 2000000093, '1982-09-24', 'Matthew Davis'),
    (1000000094, 2000000094, '1983-10-01', 'Laura Garcia'),
    (1000000095, 2000000095, '1984-11-02', 'Daniel Hernandez'),
    (1000000096, 2000000096, '1985-12-03', 'Elizabeth Johnson'),
    (1000000097, 2000000097, '1986-01-04', 'Kevin Martinez'),
    (1000000098, 2000000098, '1987-02-05', 'Jennifer Thompson'),
    (1000000099, 2000000099, '1988-03-06', 'Jason Wilson'),
    (1000000100, 2000000100, '1989-04-07', 'Sarah Anderson');
   
INSERT INTO works (ssn, address, name)
VALUES
    (1000000001, '123 Main St 1111-345 Anytown', 'Marketing'),
    (1000000002, '456 Elm St 1111-456 Anytown', 'Sales'),
    (1000000003, '789 Oak St 1111-567 Anytown', 'Finance'),
    (1000000004, '123 Main St 1111-345 Anytown', 'Human Resources'),
    (1000000005, '456 Elm St 1111-456 Anytown', 'Engineering'),
    (1000000006, '789 Oak St 1111-567 Anytown', 'Marketing'),
    (1000000007, '123 Main St 1111-345 Anytown', 'Sales'),
    (1000000008, '456 Elm St 1111-456 Anytown', 'Finance'),
    (1000000009, '789 Oak St 1111-567 Anytown', 'Human Resources'),
    (1000000010, '123 Main St 1111-345 Anytown', 'Engineering'),
    (1000000011, '456 Elm St 1111-456 Anytown', 'Marketing'),
    (1000000012, '789 Oak St 1111-567 Anytown', 'Sales'),
    (1000000013, '123 Main St 1111-345 Anytown', 'Finance'),
    (1000000014, '456 Elm St 1111-456 Anytown', 'Human Resources'),
    (1000000015, '789 Oak St 1111-567 Anytown', 'Engineering'),
    (1000000016, '123 Main St 1111-345 Anytown', 'Marketing'),
    (1000000017, '456 Elm St 1111-456 Anytown', 'Sales'),
    (1000000018, '789 Oak St 1111-567 Anytown', 'Finance'),
    (1000000019, '123 Main St 1111-345 Anytown', 'Human Resources'),
    (1000000020, '456 Elm St 1111-456 Anytown', 'Engineering'),
    (1000000021, '789 Oak St 1111-567 Anytown', 'Marketing'),
    (1000000022, '123 Main St 1111-345 Anytown', 'Sales'),
    (1000000023, '456 Elm St 1111-456 Anytown', 'Finance'),
    (1000000024, '789 Oak St 1111-567 Anytown', 'Human Resources'),
    (1000000025, '123 Main St 1111-345 Anytown', 'Engineering'),
    (1000000026, '456 Elm St 1111-456 Anytown', 'Marketing'),
    (1000000027, '789 Oak St 1111-567 Anytown', 'Sales'),
    (1000000028, '123 Main St 1111-345 Anytown', 'Finance'),
    (1000000029, '456 Elm St 1111-456 Anytown', 'Human Resources'),
    (1000000030, '789 Oak St 1111-567 Anytown', 'Engineering'),
    (1000000031, '123 Main St 1111-345 Anytown', 'Marketing'),
    (1000000032, '456 Elm St 1111-456 Anytown', 'Sales'),
    (1000000033, '789 Oak St 1111-567 Anytown', 'Finance'),
    (1000000034, '123 Main St 1111-345 Anytown', 'Human Resources'),
    (1000000035, '456 Elm St 1111-456 Anytown', 'Engineering'),
    (1000000036, '789 Oak St 1111-567 Anytown', 'Marketing'),
    (1000000037, '123 Main St 1111-345 Anytown', 'Sales'),
    (1000000038, '456 Elm St 1111-456 Anytown', 'Finance'),
    (1000000039, '789 Oak St 1111-567 Anytown', 'Human Resources'),
    (1000000040, '123 Main St 1111-345 Anytown', 'Engineering'),
    (1000000041, '456 Elm St 1111-456 Anytown', 'Marketing'),
    (1000000042, '789 Oak St 1111-567 Anytown', 'Sales'),
    (1000000043, '123 Main St 1111-345 Anytown', 'Finance'),
    (1000000044, '456 Elm St 1111-456 Anytown', 'Human Resources'),
    (1000000045, '789 Oak St 1111-567 Anytown', 'Engineering'),
    (1000000046, '123 Main St 1111-345 Anytown', 'Marketing'),
    (1000000047, '456 Elm St 1111-456 Anytown', 'Sales'),
    (1000000048, '789 Oak St 1111-567 Anytown', 'Finance'),
    (1000000049, '123 Main St 1111-345 Anytown', 'Human Resources'),
    (1000000050, '456 Elm St 1111-456 Anytown', 'Engineering'),
    (1000000051, '789 Oak St 1111-567 Anytown', 'Marketing'),
    (1000000052, '123 Main St 1111-345 Anytown', 'Sales'),
    (1000000053, '456 Elm St 1111-456 Anytown', 'Finance'),
    (1000000054, '789 Oak St 1111-567 Anytown', 'Human Resources'),
    (1000000055, '123 Main St 1111-345 Anytown', 'Engineering'),
    (1000000056, '456 Elm St 1111-456 Anytown', 'Marketing'),
    (1000000057, '789 Oak St 1111-567 Anytown', 'Sales'),
    (1000000058, '123 Main St 1111-345 Anytown', 'Finance'),
    (1000000059, '456 Elm St 1111-456 Anytown', 'Human Resources'),
    (1000000060, '789 Oak St 1111-567 Anytown', 'Engineering'),
    (1000000061, '123 Main St 1111-345 Anytown', 'Marketing'),
    (1000000062, '456 Elm St 1111-456 Anytown', 'Sales'),
    (1000000063, '789 Oak St 1111-567 Anytown', 'Finance'),
    (1000000064, '123 Main St 1111-345 Anytown', 'Human Resources'),
    (1000000065, '456 Elm St 1111-456 Anytown', 'Engineering'),
    (1000000066, '789 Oak St 1111-567 Anytown', 'Marketing'),
    (1000000067, '123 Main St 1111-345 Anytown', 'Sales'),
    (1000000068, '456 Elm St 1111-456 Anytown', 'Finance'),
    (1000000069, '789 Oak St 1111-567 Anytown', 'Human Resources'),
    (1000000070, '123 Main St 1111-345 Anytown', 'Engineering'),
    (1000000071, '456 Elm St 1111-456 Anytown', 'Marketing'),
    (1000000072, '789 Oak St 1111-567 Anytown', 'Sales'),
    (1000000073, '123 Main St 1111-345 Anytown', 'Finance'),
    (1000000074, '456 Elm St 1111-456 Anytown', 'Human Resources'),
    (1000000075, '789 Oak St 1111-567 Anytown', 'Engineering'),
    (1000000076, '123 Main St 1111-345 Anytown', 'Marketing'),
    (1000000077, '456 Elm St 1111-456 Anytown', 'Sales'),
    (1000000078, '789 Oak St 1111-567 Anytown', 'Finance'),
    (1000000079, '123 Main St 1111-345 Anytown', 'Human Resources'),
    (1000000080, '456 Elm St 1111-456 Anytown', 'Engineering'),
    (1000000081, '789 Oak St 1111-567 Anytown', 'Marketing'),
    (1000000082, '123 Main St 1111-345 Anytown', 'Sales'),
    (1000000083, '456 Elm St 1111-456 Anytown', 'Finance'),
    (1000000084, '789 Oak St 1111-567 Anytown', 'Human Resources'),
    (1000000085, '123 Main St 1111-345 Anytown', 'Engineering'),
    (1000000086, '456 Elm St 1111-456 Anytown', 'Marketing'),
    (1000000087, '789 Oak St 1111-567 Anytown', 'Sales'),
    (1000000088, '123 Main St 1111-345 Anytown', 'Finance'),
    (1000000089, '456 Elm St 1111-456 Anytown', 'Human Resources'),
    (1000000090, '789 Oak St 1111-567 Anytown', 'Engineering'),
    (1000000091, '789 Oak St 1111-567 Anytown', 'Engineering'),
    (1000000092, '789 Oak St 1111-567 Anytown', 'Engineering'),
    (1000000093, '789 Oak St 1111-567 Anytown', 'Engineering'),
    (1000000094, '789 Oak St 1111-567 Anytown', 'Engineering'),
    (1000000095, '789 Oak St 1111-567 Anytown', 'Engineering'),
    (1000000096, '789 Oak St 1111-567 Anytown', 'Engineering'),
    (1000000097, '789 Oak St 1111-567 Anytown', 'Engineering'),
    (1000000098, '789 Oak St 1111-567 Anytown', 'Engineering'),
    (1000000099, '789 Oak St 1111-567 Anytown', 'Engineering'),
    (1000000100, '789 Oak St 1111-567 Anytown', 'Engineering');

INSERT INTO product (sku, name, description, price, ean)
VALUES
    ('SKU001', 'Smartphone', 'High-end smartphone with advanced features', 999.99, '1234567890121'),
    ('SKU002', 'Laptop', 'Powerful laptop for professional use', 1499.99, '1234567890122'),
    ('SKU003', 'Headphones', 'Wireless headphones with noise cancellation', 199.99, '1234567890123'),
    ('SKU004', 'Smartwatch', 'Fitness tracker and smartwatch hybrid', 299.99, '1234567890124'),
    ('SKU005', 'TV', 'Ultra HD smart TV with large screen', 1999.99, '1234567890125'),
    ('SKU006', 'Camera', 'Professional DSLR camera with multiple lenses', 1299.99, '1234567890126'),
    ('SKU007', 'Tablet', 'Compact tablet for entertainment and productivity', 799.99, '1234567890127'),
    ('SKU008', 'Gaming Console', 'Next-generation gaming console with immersive gaming experience', 499.99, '1234567890128'),
    ('SKU009', 'Wireless Speaker', 'Portable wireless speaker with high-quality sound', 149.99, '1234567890129'),
    ('SKU010', 'Monitor', 'High-resolution monitor for professional use', 599.99, '1234567890130');

    
INSERT INTO supplier (TIN, name, address, sku)
VALUES
    (1234567890, 'Supplier A', '123 Main St 1111-345 Anytown', 'SKU001'),
    (2345678901, 'Supplier B', '456 Elm St 1111-456 Anytown', 'SKU002'),
    (3456789012, 'Supplier C', '789 Oak St 1111-567 Anytown', 'SKU003'),
    (4567890123, 'Supplier D', '123 Main St 1111-345 Anytown', 'SKU004'),
    (5678901234, 'Supplier E', '456 Elm St 1111-456 Anytown', 'SKU005'),
    (6789012345, 'Supplier F', '789 Oak St 1111-567 Anytown', 'SKU006'),
    (7890123456, 'Supplier G', '123 Main St 1111-345 Anytown', 'SKU007'),
    (8901234567, 'Supplier H', '456 Elm St 1111-456 Anytown', 'SKU008'),
    (9012345678, 'Supplier I', '789 Oak St 1111-567 Anytown', 'SKU009'),
    (1234567891, 'Supplier J', '123 Main St 1111-345 Anytown', 'SKU010');


INSERT INTO delivery (address, TIN)
VALUES
    ('123 Main St 1111-345 Anytown', 1234567890),
    ('456 Elm St 1111-456 Anytown', 2345678901),
    ('789 Oak St 1111-567 Anytown', 3456789012),
    ('123 Main St 1111-345 Anytown', 4567890123),
    ('456 Elm St 1111-456 Anytown', 5678901234),
    ('789 Oak St 1111-567 Anytown', 6789012345),
    ('123 Main St 1111-345 Anytown', 7890123456),
    ('456 Elm St 1111-456 Anytown', 8901234567),
    ('789 Oak St 1111-567 Anytown', 9012345678),
    ('123 Main St 1111-345 Anytown', 1234567891);

INSERT INTO customer (cust_no, name, email, phone, address)
VALUES
    (1001, 'John Jonhson', 'john.smith@example.com', 1234567890, '123 Main St 1111-345 Anytown'),
    (1002, 'Emily Johnson', 'emily.johnson@example.com', 2345678901, '456 Elm St 23456 Anycity'),
    (1003, 'Michael Davis', 'michael.davis@example.com', 3456789012, '789 Oak St 34567 Somecity'),
    (1004, 'Sarah Wilson', 'sarah.wilson@example.com', 4567890123, '456 Elm St 45678 Othercity'),
    (1005, 'Jennifer Brown', 'jennifer.brown@example.com', 5678901234, '123 Main St 56789 Anothercity'),
    (1006, 'Christopher Taylor', 'christopher.taylor@example.com', 6789012345, '789 Oak St 67890 Morecity'),
    (1007, 'Amanda Anderson', 'amanda.anderson@example.com', 7890123456, '456 Elm St 78901 Newcity'),
    (1008, 'Daniel Thomas', 'daniel.thomas@example.com', 8901234567, '789 Oak St 89012 Differentcity'),
    (1009, 'Jessica Martinez', 'jessica.martinez@example.com', 9012345678, '123 Main St 90123 Cityville'),
    (1010, 'David Garcia', 'david.garcia@example.com', 1234567891, '456 Elm St 12345 Anytown'),
    (1011, 'Ashley Hernandez', 'ashley.hernandez@example.com', 2345678902, '789 Oak St 23456 Anycity'),
    (1012, 'Matthew Moore', 'matthew.moore@example.com', 3456789013, '123 Main St 34567 Somecity'),
    (1013, 'Elizabeth Clark', 'elizabeth.clark@example.com', 4567890124, '789 Oak St 45678 Othercity'),
    (1014, 'Ryan Lewis', 'ryan.lewis@example.com', 5678901235, '456 Elm St 56789 Anothercity'),
    (1015, 'Stephanie Lee', 'stephanie.lee@example.com', 6789012346, '123 Main St 67890 Morecity'),
    (1016, 'Thomas Walker', 'thomas.walker@example.com', 7890123457, '789 Oak St 78901 Newcity'),
    (1017, 'Olivia Young', 'olivia.young@example.com', 8901234568, '123 Main St 89012 Differentcity'),
    (1018, 'William Hernandez', 'william.hernandez@example.com', 9012345679, '456 Elm St 90123 Cityville'),
    (1019, 'Sophia Phillips', 'sophia.phillips@example.com', 1234567892, '789 Oak St 12345 Anytown'),
    (1020, 'Joseph Turner', 'joseph.turner@example.com', 2345678903, '123 Main St 23456 Anycity');



 -- orders need to be in contains due to RI-3
START	TRANSACTION;
SET	CONSTRAINTS	ALL	DEFERRED;

INSERT INTO order_ (order_no, date, cust_no)
VALUES
    (2001, '2022-01-01', 1001),
    (2002, '2022-01-01', 1002),
    (2003, '2022-01-01', 1003),
    (2004, '2022-01-01', 1004),
    (2005, '2022-01-01', 1005),
    (2006, '2022-01-01', 1006),
    (2007, '2022-01-01', 1007),
    (2008, '2022-01-02', 1008),
    (2009, '2022-01-02', 1009),
    (2010, '2022-01-02', 1001),
    (2011, '2022-01-02', 1011),
    (2012, '2022-01-02', 1012),
    (2013, '2022-01-02', 1013),
    (2014, '2022-01-02', 1014),
    (2015, '2022-02-03', 1015),
    (2016, '2022-02-03', 1016),
    (2017, '2022-02-03', 1001),
    (2018, '2022-02-03', 1018),
    (2019, '2022-02-03', 1019),
    (2020, '2022-02-03', 1020);


INSERT INTO contains (sku, order_no, qty)
VALUES
    ('SKU001', 2001, 5),
    ('SKU002', 2002, 3),
    ('SKU003', 2003, 2),
    ('SKU004', 2004, 4),
    ('SKU005', 2005, 6),
    ('SKU006', 2006, 1),
    ('SKU007', 2007, 2),
    ('SKU008', 2008, 3),
    ('SKU009', 2009, 7),
    ('SKU010', 2010, 1),
    ('SKU001', 2011, 4),
    ('SKU002', 2012, 2),
    ('SKU003', 2013, 5),
    ('SKU004', 2014, 2),
    ('SKU005', 2015, 3),
    ('SKU006', 2016, 1),
    ('SKU007', 2017, 4),
    ('SKU008', 2018, 6),
    ('SKU009', 2019, 3),
    ('SKU010', 2020, 2);


COMMIT;

    
INSERT INTO pay (cust_no, order_no)
VALUES
    (1001, 2001),
    (1002, 2002),
    (1006, 2006),
    (1007, 2007),
    (1008, 2008),
    (1009, 2009),
    (1010, 2010),
    (1011, 2011),
    (1015, 2015),
    (1016, 2016),
    (1017, 2017),
    (1020, 2020);

INSERT INTO process (ssn, order_no)
VALUES
    (1000000001, 2001),
    (1000000002, 2002),
    (1000000003, 2003),
    (1000000004, 2004),
    (1000000005, 2005),
    (1000000006, 2006),
    (1000000007, 2007),
    (1000000008, 2008),
    (1000000009, 2009),
    (1000000001, 2010),
    (1000000011, 2011),
    (1000000012, 2012),
    (1000000013, 2013),
    (1000000014, 2014),
    (1000000015, 2015),
    (1000000016, 2016),
    (1000000001, 2017),
    (1000000018, 2018),
    (1000000019, 2019),
    (1000000020, 2020);
