INSERT INTO workplace (address, lat, long)
VALUES
    ('123 Main St', 37.7749, -122.4194),
    ('456 Elm St', 34.0522, -118.2437),
    ('789 Oak Ave', 40.7128, -74.0060),
    ('321 Pine Rd', 41.8781, -87.6298),
    ('555 Cedar Ln', 47.6097, -122.3331),
    ('999 Maple Ave', 42.3601, -71.0589),
    ('777 Walnut St', 38.9072, -77.0369),
    ('888 Pineapple Rd', 25.7617, -80.1918),
    ('444 Olive Ln', 39.9526, -75.1652),
    ('222 Chestnut Ave', 34.1522, -118.2437),
    ('111 Peach St', 33.2490, -84.3880),
    ('555 Cherry Rd', 47.3097, -122.3331),
    ('999 Strawberry Ave', 40.4128, -74.0060),
    ('777 Banana St', 38.5072, -77.0369),
    ('888 Mango Rd', 25.7717, -80.1918),
    ('444 Lemon Ln', 39.9826, -75.1652),
    ('222 Orange Ave', 34.0592, -118.2437),
    ('111 Apple St', 33.7430, -84.3880),
    ('555 Grape Rd', 47.6197, -122.3331),
    ('999 Watermelon Ave', 40.7428, -74.0060),
    ('777 Blueberry St', 38.9079, -77.0369),
    ('888 Raspberry Rd', 25.7619, -80.1918),
    ('444 Blackberry Ln', 39.9556, -75.1652),
    ('222 Strawberry Ave', 34.0222, -118.2437),
    ('111 Mango St', 33.7491, -84.3880),
    ('555 Pineapple Rd', 47.6097, -122.3431),
    ('999 Coconut Ave', 40.7128, -74.0065),
    ('777 Lemon St', 38.9072, -77.0269),
    ('888 Orange Rd', 25.7617, -80.7918),
    ('444 Apple Ln', 39.9526, -75.1622),
    ('222 Cherry Ave', 34.0522, -118.3437),
    ('111 Grape St', 33.7490, -84.3881),
    ('555 Watermelon Rd', 47.6097, -142.3331),
    ('999 Blueberry Ave', 40.7128, -74.3060),
    ('777 Raspberry St', 38.9072, -77.0569),
    ('888 Blackberry Rd', 25.7617, -80.0918),
    ('444 Strawberry Ln', 39.9526, -75.1682),
    ('222 Mango Ave', 34.0522, -118.6437),
    ('111 Pineapple St', 33.7490, -64.3880),
    ('555 Coconut Rd', 47.6097, -125.3331),
    ('999 Lemon Ave', 40.7128, -74.0040),
    ('777 Orange St', 38.9072, -77.0169),
    ('888 Apple Rd', 25.7617, -80.1910),
    ('444 Cherry Ln', 39.9526, -75.0652),
    ('222 Grape Ave', 34.0522, -110.2437),
    ('111 Watermelon St', 33.7490, -80.3880),
    ('555 Blueberry Rd', 47.6097, -12.3331),
    ('999 Raspberry Ave', 40.7128, -76.0060),
    ('777 Blackberry St', 38.9072, -77.0367),
    ('888 Strawberry Rd', 25.7617, -80.1018),
    ('444 Mango Ln', 39.9526, -75.1692),
    ('222 Pineapple Ave', 34.0522, -18.2437),
    ('111 Coconut St', 33.7490, -84.3280),
    ('789 Oak St', 23.7821, 13.0953)
;

INSERT INTO office (address)
VALUES
    ('123 Main St'),
    ('456 Elm St'),
    ('789 Oak Ave'),
    ('321 Pine Rd'),
    ('555 Cedar Ln'),
    ('999 Maple Ave'),
    ('777 Walnut St'),
    ('888 Pineapple Rd'),
    ('444 Olive Ln'),
    ('222 Chestnut Ave'),
    ('111 Peach St'),
    ('555 Cherry Rd'),
    ('999 Strawberry Ave'),
    ('777 Banana St'),
    ('888 Mango Rd'),
    ('444 Lemon Ln'),
    ('222 Orange Ave'),
    ('111 Apple St'),
    ('555 Grape Rd'),
    ('999 Watermelon Ave'),
    ('777 Blueberry St'),
    ('888 Raspberry Rd'),
    ('444 Blackberry Ln')
;

INSERT INTO warehouse (address)
VALUES
    ('222 Strawberry Ave'),
    ('111 Mango St'),
    ('555 Pineapple Rd'),
    ('999 Coconut Ave'),
    ('777 Lemon St'),
    ('888 Orange Rd'),
    ('444 Apple Ln'),
    ('222 Cherry Ave'),
    ('111 Grape St'),
    ('555 Watermelon Rd'),
    ('999 Blueberry Ave'),
    ('777 Raspberry St'),
    ('888 Blackberry Rd'),
    ('444 Strawberry Ln'),
    ('222 Mango Ave'),
    ('111 Pineapple St'),
    ('555 Coconut Rd'),
    ('999 Lemon Ave'),
    ('777 Orange St'),
    ('888 Apple Rd'),
    ('444 Cherry Ln'),
    ('222 Grape Ave'),
    ('111 Watermelon St'),
    ('555 Blueberry Rd'),
    ('999 Raspberry Ave'),
    ('777 Blackberry St'),
    ('888 Strawberry Rd'),
    ('444 Mango Ln'),
    ('222 Pineapple Ave'),
    ('111 Coconut St'),
    ('123 Main St')
;

INSERT INTO department (name)
VALUES
    ('Sales'),
    ('Marketing'),
    ('Finance'),
    ('Human Resources'),
    ('Operations'),
    ('Information Technology'),
    ('Research and Development'),
    ('Customer Service'),
    ('Product Management'),
    ('Quality Assurance'),
    ('Supply Chain'),
    ('Legal'),
    ('Administration'),
    ('Business Development'),
    ('Training and Development'),
    ('Public Relations'),
    ('Accounting'),
    ('Engineering'),
    ('Design'),
    ('Purchasing'),
    ('Project Management'),
    ('Data Analytics'),
    ('Logistics'),
    ('Corporate Communications'),
    ('Risk Management'),
    ('Strategic Planning'),
    ('Internal Audit'),
    ('Facilities Management'),
    ('Consulting'),
    ('Compliance'),
    ('Event Management'),
    ('Employee Relations'),
    ('Investor Relations'),
    ('Health and Safety'),
    ('Procurement'),
    ('Software Development'),
    ('Graphic Design'),
    ('Sales Operations'),
    ('Training'),
    ('Operations Management')
;

INSERT INTO employee (ssn, TIN, bdate, name)
VALUES
    (1000000001, 2000000001, '1990-01-01', 'John Smith'),
    (1000000002, 2000000002, '1991-02-02', 'Jane Doe'),
    (1000000003, 2000000003, '1992-03-03', 'Michael Johnson'),
    (1000000004, 2000000004, '1993-04-04', 'Emily Williams'),
    (1000000005, 2000000005, '1994-05-05', 'David Brown'),
    (1000000006, 2000000006, '1995-06-06', 'Sarah Lee'),
    (1000000007, 2000000007, '1996-07-07', 'Christopher Davis'),
    (1000000008, 2000000008, '1997-08-08', 'Jessica Martinez'),
    (1000000009, 2000000009, '1998-09-09', 'Matthew Taylor'),
    (1000000010, 2000000010, '1999-10-10', 'Ashley Anderson'),
    (1000000011, 2000000011, '1980-11-11', 'Robert Johnson'),
    (1000000012, 2000000012, '1981-12-12', 'Patricia Smith'),
    (1000000013, 2000000013, '1982-01-13', 'Michael Williams'),
    (1000000014, 2000000014, '1983-02-14', 'Linda Jones'),
    (1000000015, 2000000015, '1984-03-15', 'William Brown'),
    (1000000016, 2000000016, '1985-04-16', 'Karen Davis'),
    (1000000017, 2000000017, '1986-05-17', 'Charles Garcia'),
    (1000000018, 2000000018, '1987-06-18', 'Jennifer Wilson'),
    (1000000019, 2000000019, '1988-07-19', 'Joseph Anderson'),
    (1000000020, 2000000020, '1989-08-20', 'Nancy Martinez'),
    (1000000021, 2000000021, '1990-09-21', 'Andrew Thompson'),
    (1000000022, 2000000022, '1991-10-22', 'Maria Miller'),
    (1000000023, 2000000023, '1992-11-23', 'David Moore'),
    (1000000024, 2000000024, '1993-12-24', 'Susan Taylor'),
    (1000000025, 2000000025, '1994-01-25', 'James Clark'),
    (1000000026, 2000000026, '1995-02-26', 'Jessica Rodriguez'),
    (1000000027, 2000000027, '1996-03-27', 'John Hernandez'),
    (1000000028, 2000000028, '1997-04-28', 'Lisa Martinez'),
    (1000000029, 2000000029, '1998-05-29', 'Daniel Davis'),
    (1000000030, 2000000030, '1999-06-30', 'Sarah Johnson'),
    (1000000031, 2000000031, '1980-07-31', 'Christopher Smith'),
    (1000000032, 2000000032, '1981-08-01', 'Mary Williams'),
    (1000000033, 2000000033, '1982-09-02', 'Matthew Johnson'),
    (1000000034, 2000000034, '1983-10-03', 'Laura Anderson'),
    (1000000035, 2000000035, '1984-11-04', 'Daniel Brown'),
    (1000000036, 2000000036, '1985-12-05', 'Elizabeth Davis'),
    (1000000037, 2000000037, '1986-01-06', 'Kevin Garcia'),
    (1000000038, 2000000038, '1987-02-07', 'Jennifer Hernandez'),
    (1000000039, 2000000039, '1988-03-08', 'Jason Johnson'),
    (1000000040, 2000000040, '1989-04-09', 'Sarah Miller'),
    (1000000041, 2000000041, '1990-05-10', 'Robert Smith'),
    (1000000042, 2000000042, '1991-06-11', 'Michelle Wilson'),
    (1000000043, 2000000043, '1992-07-12', 'David Anderson'),
    (1000000044, 2000000044, '1993-08-13', 'Susan Davis'),
    (1000000045, 2000000045, '1994-09-14', 'James Garcia'),
    (1000000046, 2000000046, '1995-10-15', 'Emily Johnson'),
    (1000000047, 2000000047, '1996-11-16', 'John Hernandez'),
    (1000000048, 2000000048, '1997-12-17', 'Sarah Martinez'),
    (1000000049, 2000000049, '1998-01-18', 'Daniel Thompson'),
    (1000000050, 2000000050, '1999-02-19', 'Jennifer Wilson'),
    (1000000051, 2000000051, '1980-03-20', 'David Anderson'),
    (1000000052, 2000000052, '1981-04-21', 'Mary Clark'),
    (1000000053, 2000000053, '1982-05-22', 'Matthew Davis'),
    (1000000054, 2000000054, '1983-06-23', 'Laura Garcia'),
    (1000000055, 2000000055, '1984-07-24', 'Daniel Hernandez'),
    (1000000056, 2000000056, '1985-08-25', 'Elizabeth Johnson'),
    (1000000057, 2000000057, '1986-09-26', 'Kevin Martinez'),
    (1000000058, 2000000058, '1987-10-27', 'Jennifer Thompson'),
    (1000000059, 2000000059, '1988-11-28', 'Jason Wilson'),
    (1000000060, 2000000060, '1989-12-29', 'Sarah Anderson'),
    (1000000061, 2000000061, '1990-01-30', 'Robert Davis'),
    (1000000062, 2000000062, '1991-02-03', 'Michelle Garcia'),
    (1000000063, 2000000063, '1992-03-01', 'David Hernandez'),
    (1000000064, 2000000064, '1993-04-02', 'Susan Johnson'),
    (1000000065, 2000000065, '1994-05-03', 'James Martinez'),
    (1000000066, 2000000066, '1995-06-04', 'Emily Wilson'),
    (1000000067, 2000000067, '1996-07-05', 'John Anderson'),
    (1000000068, 2000000068, '1997-08-06', 'Sarah Clark'),
    (1000000069, 2000000069, '1998-09-07', 'Daniel Davis'),
    (1000000070, 2000000070, '1999-10-08', 'Jennifer Garcia'),
    (1000000071, 2000000071, '1980-11-09', 'David Hernandez'),
    (1000000072, 2000000072, '1981-12-10', 'Mary Johnson'),
    (1000000073, 2000000073, '1982-01-11', 'Matthew Martinez'),
    (1000000074, 2000000074, '1983-02-12', 'Laura Thompson'),
    (1000000075, 2000000075, '1984-03-13', 'Daniel Wilson'),
    (1000000076, 2000000076, '1985-04-14', 'Elizabeth Anderson'),
    (1000000077, 2000000077, '1986-05-15', 'Kevin Davis'),
    (1000000078, 2000000078, '1987-06-16', 'Jennifer Garcia'),
    (1000000079, 2000000079, '1988-07-17', 'Jason Hernandez'),
    (1000000080, 2000000080, '1989-08-18', 'Sarah Johnson'),
    (1000000081, 2000000081, '1990-09-19', 'Robert Martinez'),
    (1000000082, 2000000082, '1991-10-20', 'Michelle Thompson'),
    (1000000083, 2000000083, '1992-11-21', 'David Wilson'),
    (1000000084, 2000000084, '1993-12-22', 'Susan Anderson'),
    (1000000085, 2000000085, '1994-01-23', 'James Davis'),
    (1000000086, 2000000086, '1995-02-24', 'Emily Garcia'),
    (1000000087, 2000000087, '1996-03-25', 'John Hernandez'),
    (1000000088, 2000000088, '1997-04-26', 'Sarah Johnson'),
    (1000000089, 2000000089, '1998-05-27', 'Daniel Martinez'),
    (1000000090, 2000000090, '1999-06-28', 'Jennifer Thompson'),
    (1000000091, 2000000091, '1980-07-29', 'David Wilson'),
    (1000000092, 2000000092, '1981-08-30', 'Mary Anderson'),
    (1000000093, 2000000093, '1982-09-24', 'Matthew Davis'),
    (1000000094, 2000000094, '1983-10-01', 'Laura Garcia'),
    (1000000095, 2000000095, '1984-11-02', 'Daniel Hernandez'),
    (1000000096, 2000000096, '1985-12-03', 'Elizabeth Johnson'),
    (1000000097, 2000000097, '1986-01-04', 'Kevin Martinez'),
    (1000000098, 2000000098, '1987-02-05', 'Jennifer Thompson'),
    (1000000099, 2000000099, '1988-03-06', 'Jason Wilson'),
    (1000000100, 2000000100, '1989-04-07', 'Sarah Anderson');
   
INSERT INTO works (ssn, address, name)
VALUES
    (1000000001, '123 Main St', 'Marketing'),
    (1000000002, '456 Elm St', 'Sales'),
    (1000000003, '789 Oak St', 'Finance'),
    (1000000004, '123 Main St', 'Human Resources'),
    (1000000005, '456 Elm St', 'Engineering'),
    (1000000006, '789 Oak St', 'Marketing'),
    (1000000007, '123 Main St', 'Sales'),
    (1000000008, '456 Elm St', 'Finance'),
    (1000000009, '789 Oak St', 'Human Resources'),
    (1000000010, '123 Main St', 'Engineering'),
    (1000000011, '456 Elm St', 'Marketing'),
    (1000000012, '789 Oak St', 'Sales'),
    (1000000013, '123 Main St', 'Finance'),
    (1000000014, '456 Elm St', 'Human Resources'),
    (1000000015, '789 Oak St', 'Engineering'),
    (1000000016, '123 Main St', 'Marketing'),
    (1000000017, '456 Elm St', 'Sales'),
    (1000000018, '789 Oak St', 'Finance'),
    (1000000019, '123 Main St', 'Human Resources'),
    (1000000020, '456 Elm St', 'Engineering'),
    (1000000021, '789 Oak St', 'Marketing'),
    (1000000022, '123 Main St', 'Sales'),
    (1000000023, '456 Elm St', 'Finance'),
    (1000000024, '789 Oak St', 'Human Resources'),
    (1000000025, '123 Main St', 'Engineering'),
    (1000000026, '456 Elm St', 'Marketing'),
    (1000000027, '789 Oak St', 'Sales'),
    (1000000028, '123 Main St', 'Finance'),
    (1000000029, '456 Elm St', 'Human Resources'),
    (1000000030, '789 Oak St', 'Engineering'),
    (1000000031, '123 Main St', 'Marketing'),
    (1000000032, '456 Elm St', 'Sales'),
    (1000000033, '789 Oak St', 'Finance'),
    (1000000034, '123 Main St', 'Human Resources'),
    (1000000035, '456 Elm St', 'Engineering'),
    (1000000036, '789 Oak St', 'Marketing'),
    (1000000037, '123 Main St', 'Sales'),
    (1000000038, '456 Elm St', 'Finance'),
    (1000000039, '789 Oak St', 'Human Resources'),
    (1000000040, '123 Main St', 'Engineering'),
    (1000000041, '456 Elm St', 'Marketing'),
    (1000000042, '789 Oak St', 'Sales'),
    (1000000043, '123 Main St', 'Finance'),
    (1000000044, '456 Elm St', 'Human Resources'),
    (1000000045, '789 Oak St', 'Engineering'),
    (1000000046, '123 Main St', 'Marketing'),
    (1000000047, '456 Elm St', 'Sales'),
    (1000000048, '789 Oak St', 'Finance'),
    (1000000049, '123 Main St', 'Human Resources'),
    (1000000050, '456 Elm St', 'Engineering'),
    (1000000051, '789 Oak St', 'Marketing'),
    (1000000052, '123 Main St', 'Sales'),
    (1000000053, '456 Elm St', 'Finance'),
    (1000000054, '789 Oak St', 'Human Resources'),
    (1000000055, '123 Main St', 'Engineering'),
    (1000000056, '456 Elm St', 'Marketing'),
    (1000000057, '789 Oak St', 'Sales'),
    (1000000058, '123 Main St', 'Finance'),
    (1000000059, '456 Elm St', 'Human Resources'),
    (1000000060, '789 Oak St', 'Engineering'),
    (1000000061, '123 Main St', 'Marketing'),
    (1000000062, '456 Elm St', 'Sales'),
    (1000000063, '789 Oak St', 'Finance'),
    (1000000064, '123 Main St', 'Human Resources'),
    (1000000065, '456 Elm St', 'Engineering'),
    (1000000066, '789 Oak St', 'Marketing'),
    (1000000067, '123 Main St', 'Sales'),
    (1000000068, '456 Elm St', 'Finance'),
    (1000000069, '789 Oak St', 'Human Resources'),
    (1000000070, '123 Main St', 'Engineering'),
    (1000000071, '456 Elm St', 'Marketing'),
    (1000000072, '789 Oak St', 'Sales'),
    (1000000073, '123 Main St', 'Finance'),
    (1000000074, '456 Elm St', 'Human Resources'),
    (1000000075, '789 Oak St', 'Engineering'),
    (1000000076, '123 Main St', 'Marketing'),
    (1000000077, '456 Elm St', 'Sales'),
    (1000000078, '789 Oak St', 'Finance'),
    (1000000079, '123 Main St', 'Human Resources'),
    (1000000080, '456 Elm St', 'Engineering'),
    (1000000081, '789 Oak St', 'Marketing'),
    (1000000082, '123 Main St', 'Sales'),
    (1000000083, '456 Elm St', 'Finance'),
    (1000000084, '789 Oak St', 'Human Resources'),
    (1000000085, '123 Main St', 'Engineering'),
    (1000000086, '456 Elm St', 'Marketing'),
    (1000000087, '789 Oak St', 'Sales'),
    (1000000088, '123 Main St', 'Finance'),
    (1000000089, '456 Elm St', 'Human Resources'),
    (1000000090, '789 Oak St', 'Engineering'),
    (1000000091, '789 Oak St', 'Engineering'),
    (1000000092, '789 Oak St', 'Engineering'),
    (1000000093, '789 Oak St', 'Engineering'),
    (1000000094, '789 Oak St', 'Engineering'),
    (1000000095, '789 Oak St', 'Engineering'),
    (1000000096, '789 Oak St', 'Engineering'),
    (1000000097, '789 Oak St', 'Engineering'),
    (1000000098, '789 Oak St', 'Engineering'),
    (1000000099, '789 Oak St', 'Engineering'),
    (1000000100, '789 Oak St', 'Engineering')
    ;

INSERT INTO product (sku, name, description, price)
VALUES
    ('SKU001', 'Smartphone', 'High-end smartphone with advanced features', 999.99),
    ('SKU002', 'Laptop', 'Powerful laptop for professional use', 1499.99),
    ('SKU003', 'Headphones', 'Wireless headphones with noise cancellation', 199.99),
    ('SKU004', 'Smartwatch', 'Fitness tracker and smartwatch hybrid', 299.99),
    ('SKU005', 'TV', 'Ultra HD smart TV with large screen', 1999.99),
    ('SKU006', 'Camera', 'Professional DSLR camera with multiple lenses', 1299.99),
    ('SKU007', 'Tablet', 'Compact tablet for entertainment and productivity', 799.99),
    ('SKU008', 'Gaming Console', 'Next-generation gaming console with immersive gaming experience', 499.99),
    ('SKU009', 'Wireless Speaker', 'Portable wireless speaker with high-quality sound', 149.99),
    ('SKU010', 'Monitor', 'High-resolution monitor for professional use', 599.99),
    ('SKU011', 'Fitness Tracker', 'Wearable fitness tracker with heart rate monitoring', 79.99),
    ('SKU012', 'Printer', 'All-in-one printer with wireless connectivity', 199.99),
    ('SKU013', 'External Hard Drive', 'High-capacity external hard drive for data storage', 129.99),
    ('SKU014', 'Wireless Router', 'High-speed wireless router for home or office use', 79.99),
    ('SKU015', 'Keyboard', 'Mechanical keyboard with customizable RGB lighting', 149.99),
    ('SKU016', 'Mouse', 'Wireless mouse with ergonomic design', 49.99),
    ('SKU017', 'Portable Charger', 'Portable charger for charging devices on the go', 39.99),
    ('SKU018', 'Bluetooth Earbuds', 'True wireless earbuds with long battery life', 99.99),
    ('SKU019', 'Smart Home Hub', 'Central hub for controlling smart home devices', 249.99),
    ('SKU020', 'Projector', 'High-definition projector for home theater experience', 799.99);
    
INSERT INTO EAN_product (sku, ean)
VALUES
    ('SKU001', 'EAN001'),
    ('SKU002', 'EAN002'),
    ('SKU003', 'EAN003'),
    ('SKU004', 'EAN004'),
    ('SKU005', 'EAN005'),
    ('SKU006', 'EAN006'),
    ('SKU007', 'EAN007'),
    ('SKU008', 'EAN008'),
    ('SKU009', 'EAN009'),
    ('SKU010', 'EAN010');

INSERT INTO supplier (TIN, name, address, sku, date)
VALUES
    (1234567890, 'Supplier A', '123 Main St', 'SKU001', '2022-01-01'),
    (2345678901, 'Supplier B', '456 Elm St', 'SKU002', '2022-02-01'),
    (3456789012, 'Supplier C', '789 Oak St', 'SKU003', '2022-03-01'),
    (4567890123, 'Supplier D', '123 Main St', 'SKU004', '2022-04-01'),
    (5678901234, 'Supplier E', '456 Elm St', 'SKU005', '2022-05-01'),
    (6789012345, 'Supplier F', '789 Oak St', 'SKU006', '2022-06-01'),
    (7890123456, 'Supplier G', '123 Main St', 'SKU007', '2022-07-01'),
    (8901234567, 'Supplier H', '456 Elm St', 'SKU008', '2022-08-01'),
    (9012345678, 'Supplier I', '789 Oak St', 'SKU009', '2022-09-01'),
    (1234567891, 'Supplier J', '123 Main St', 'SKU010', '2022-10-01'),
    (2345678902, 'Supplier K', '456 Elm St', 'SKU011', '2022-11-01'),
    (3456789013, 'Supplier L', '789 Oak St', 'SKU012', '2022-12-01'),
    (4567890124, 'Supplier M', '123 Main St', 'SKU013', '2023-01-01'),
    (5678901235, 'Supplier N', '456 Elm St', 'SKU014', '2023-02-01'),
    (6789012346, 'Supplier O', '789 Oak St', 'SKU015', '2023-03-01'),
    (7890123457, 'Supplier P', '123 Main St', 'SKU016', '2023-04-01'),
    (8901234568, 'Supplier Q', '456 Elm St', 'SKU017', '2023-05-01'),
    (9012345679, 'Supplier R', '789 Oak St', 'SKU018', '2023-06-01'),
    (1234567892, 'Supplier S', '123 Main St', 'SKU019', '2023-07-01'),
    (2345678903, 'Supplier T', '456 Elm St', 'SKU020', '2023-08-01');

INSERT INTO delivery (address, TIN, sku)
VALUES
    ('123 Main St', 1234567890, 'SKU001'),
    ('456 Elm St', 2345678901, 'SKU002'),
    ('789 Oak St', 3456789012, 'SKU003'),
    ('123 Main St', 4567890123, 'SKU004'),
    ('456 Elm St', 5678901234, 'SKU005'),
    ('789 Oak St', 6789012345, 'SKU006'),
    ('123 Main St', 7890123456, 'SKU007'),
    ('456 Elm St', 8901234567, 'SKU008'),
    ('789 Oak St', 9012345678, 'SKU009'),
    ('123 Main St', 1234567891, 'SKU010'),
    ('456 Elm St', 2345678902, 'SKU011'),
    ('789 Oak St', 3456789013, 'SKU012'),
    ('123 Main St', 4567890124, 'SKU013'),
    ('456 Elm St', 5678901235, 'SKU014'),
    ('789 Oak St', 6789012346, 'SKU015'),
    ('123 Main St', 7890123457, 'SKU016'),
    ('456 Elm St', 8901234568, 'SKU017'),
    ('789 Oak St', 9012345679, 'SKU018'),
    ('123 Main St', 1234567892, 'SKU019'),
    ('456 Elm St', 2345678903, 'SKU020');

INSERT INTO customer (cust_no, name, email, phone, address)
VALUES
    (1001, 'John Smith', 'john.smith@example.com', 1234567890, '123 Main St'),
    (1002, 'Emily Johnson', 'emily.johnson@example.com', 2345678901, '456 Elm St'),
    (1003, 'Michael Davis', 'michael.davis@example.com', 3456789012, '789 Oak St'),
    (1004, 'Sarah Wilson', 'sarah.wilson@example.com', 4567890123, '456 Elm St'),
    (1005, 'Jennifer Brown', 'jennifer.brown@example.com', 5678901234, '123 Main St'),
    (1006, 'Christopher Taylor', 'christopher.taylor@example.com', 6789012345, '789 Oak St'),
    (1007, 'Amanda Anderson', 'amanda.anderson@example.com', 7890123456, '456 Elm St'),
    (1008, 'Daniel Thomas', 'daniel.thomas@example.com', 8901234567, '789 Oak St'),
    (1009, 'Jessica Martinez', 'jessica.martinez@example.com', 9012345678, '123 Main St'),
    (1010, 'David Garcia', 'david.garcia@example.com', 1234567891, '456 Elm St'),
    (1011, 'Ashley Hernandez', 'ashley.hernandez@example.com', 2345678902, '789 Oak St'),
    (1012, 'Matthew Moore', 'matthew.moore@example.com', 3456789013, '123 Main St'),
    (1013, 'Elizabeth Clark', 'elizabeth.clark@example.com', 4567890124, '789 Oak St'),
    (1014, 'Ryan Lewis', 'ryan.lewis@example.com', 5678901235, '456 Elm St'),
    (1015, 'Stephanie Lee', 'stephanie.lee@example.com', 6789012346, '123 Main St'),
    (1016, 'Thomas Walker', 'thomas.walker@example.com', 7890123457, '789 Oak St'),
    (1017, 'Olivia Young', 'olivia.young@example.com', 8901234568, '123 Main St'),
    (1018, 'William Hernandez', 'william.hernandez@example.com', 9012345679, '456 Elm St'),
    (1019, 'Sophia Phillips', 'sophia.phillips@example.com', 1234567892, '789 Oak St'),
    (1020, 'Joseph Turner', 'joseph.turner@example.com', 2345678903, '123 Main St');

INSERT INTO order_ (order_no, date, cust_no)
VALUES
    (2001, '2023-01-01', 1001),
    (2002, '2023-01-02', 1002),
    (2003, '2023-01-03', 1003),
    (2004, '2023-01-04', 1004),
    (2005, '2023-01-05', 1005),
    (2006, '2023-01-06', 1006),
    (2007, '2023-01-07', 1007),
    (2008, '2023-01-08', 1008),
    (2009, '2023-01-09', 1009),
    (2010, '2023-01-10', 1010),
    (2011, '2023-01-11', 1011),
    (2012, '2023-01-12', 1012),
    (2013, '2023-01-13', 1013),
    (2014, '2023-01-14', 1014),
    (2015, '2023-01-15', 1015),
    (2016, '2023-01-16', 1016),
    (2017, '2023-01-17', 1017),
    (2018, '2023-01-18', 1018),
    (2019, '2023-01-19', 1019),
    (2020, '2023-01-20', 1020);

INSERT INTO sale (order_no)
VALUES
    (2001),
    (2002),
    (2003),
    (2004),
    (2005),
    (2006),
    (2007),
    (2008),
    (2009),
    (2010),
    (2011),
    (2012),
    (2013),
    (2014),
    (2015),
    (2016),
    (2017),
    (2018),
    (2019),
    (2020);
    
INSERT INTO pay (cust_no, order_no)
VALUES
    (1001, 2001),
    (1002, 2002),
    (1003, 2003),
    (1004, 2004),
    (1005, 2005),
    (1006, 2006),
    (1007, 2007),
    (1008, 2008),
    (1009, 2009),
    (1010, 2010),
    (1011, 2011),
    (1012, 2012),
    (1013, 2013),
    (1014, 2014),
    (1015, 2015),
    (1016, 2016),
    (1017, 2017),
    (1018, 2018),
    (1019, 2019),
    (1020, 2020);

INSERT INTO process (ssn, order_no)
VALUES
    (1000000001, 2001),
    (1000000002, 2002),
    (1000000003, 2003),
    (1000000004, 2004),
    (1000000005, 2005),
    (1000000006, 2006),
    (1000000007, 2007),
    (1000000008, 2008),
    (1000000009, 2009),
    (1000000010, 2010),
    (1000000011, 2011),
    (1000000012, 2012),
    (1000000013, 2013),
    (1000000014, 2014),
    (1000000015, 2015),
    (1000000016, 2016),
    (1000000017, 2017),
    (1000000018, 2018),
    (1000000019, 2019),
    (1000000020, 2020);

INSERT INTO contains (sku, order_no, qty)
VALUES
    ('SKU001', 2001, 5),
    ('SKU002', 2002, 3),
    ('SKU003', 2003, 2),
    ('SKU004', 2004, 4),
    ('SKU005', 2005, 6),
    ('SKU006', 2006, 1),
    ('SKU007', 2007, 2),
    ('SKU008', 2008, 3),
    ('SKU009', 2009, 7),
    ('SKU010', 2010, 1),
    ('SKU011', 2011, 4),
    ('SKU012', 2012, 2),
    ('SKU013', 2013, 5),
    ('SKU014', 2014, 2),
    ('SKU015', 2015, 3),
    ('SKU016', 2016, 1),
    ('SKU017', 2017, 4),
    ('SKU018', 2018, 6),
    ('SKU019', 2019, 3),
    ('SKU020', 2020, 2);
